{
  "MainStation": {
    "羅斯福路幹線": "https://ebus.gov.taipei/MapOverview?nid=0161001600"
  },
  "TaipeiZoo": {
    "282": "https://ebus.gov.taipei/MapOverview?nid=0100028200",
    "676": "https://ebus.gov.taipei/MapOverview?nid=0100067600",
    "679": "https://ebus.gov.taipei/MapOverview?nid=0100067900",
    "棕3": "https://ebus.gov.taipei/MapOverview?nid=0114000300",
    "棕15": "https://ebus.gov.taipei/MapOverview?nid=0114001500",
    "611": "https://ebus.gov.taipei/MapOverview?nid=0100061100",
    "237": "https://ebus.gov.taipei/MapOverview?nid=0100023700",
    "295": "https://ebus.gov.taipei/MapOverview?nid=0100029500",
    "棕18": "https://ebus.gov.taipei/MapOverview?nid=0114001800",
    "貓空左線(動物園)": "https://ebus.gov.taipei/MapOverview?nid=0162002200",
    "66": "https://ebus.gov.taipei/MapOverview?nid=0100006600",
    "羅斯福路幹線": "https://ebus.gov.taipei/MapOverview?nid=0161001600",
    "棕6": "https://ebus.gov.taipei/MapOverview?nid=0114000600",
    "236區": "https://ebus.gov.taipei/MapOverview?nid=0100023620",
    "南環幹線": "https://ebus.gov.taipei/MapOverview?nid=0113000100"
  },
  "CityHall": {
    "棕6": "https://ebus.gov.taipei/MapOverview?nid=0114000600",
    "南環幹線": "https://ebus.gov.taipei/MapOverview?nid=0113000100"
  }
}